{
    "source": {
        "0.png": [
            [
                0.7496655317609927,
                -0.009217431882635112,
                -0.016147951131646465
            ],
            [
                0.009217431882635161,
                0.7496655317609925,
                -0.029463862136765773
            ]
        ]
    },
    "target": {
        "0.png": [
            [
                0.744081974560761,
                -0.006440393016376418,
                -0.007503893968565989
            ],
            [
                0.006440393016376342,
                0.7440819745607611,
                -0.03876793242035148
            ]
        ]
    }
}