{
    "source": {
        "0.png": [
            0.5503541483826297,
            -0.07025369341095013,
            -16.609367122178234,
            0.0702536934109501,
            0.5503541483826297,
            -44.55289948887182
        ]
    },
    "target": {
        "0.png": [
            0.49468148180363913,
            -0.03284671834465269,
            -114.97937344708295,
            0.03284671834465272,
            0.49468148180363924,
            -80.75493333853542
        ]
    }
}